Actual_Price,Predicted_Price,Residual
298235.99999999994,317482.26950102666,-0.06253665002562947
131999.9999999999,131613.29215019313,0.002933882355915074
183500.00000000006,182604.9383783402,0.004889628199451934
198443.99999999985,193913.55152625008,0.023094377664564902
250000.00000000023,292324.7937912816,-0.156403994609418
140999.99999999968,141879.6951986766,-0.006219547247912516
95999.99999999996,113157.82445936257,-0.1644337499937727
196000.0000000001,197865.76003338513,-0.00947411379346974
169000.00000000012,133221.77170583032,0.23788192981834477
126999.99999999991,123880.26345824593,0.02487140634089613
156999.99999999994,153338.63647245464,0.023596867355578865
100000.00000000004,99775.49389191458,0.002247562507870171
142500.00000000012,152494.19913270345,-0.06778409722695677
126999.99999999991,123576.31033132543,0.027328005642555553
259000.0,224699.90292418576,0.1420617251585483
248900.00000000047,249930.3483553979,-0.004131046529288085
109999.99999999971,119571.63911404011,-0.08343458873501497
131000.0000000002,140892.23532636947,-0.07279745053359399
244999.99999999997,241018.1816130146,0.01638577009040354
137500.00000000012,114159.52339468128,0.18602563190269983
267000.0,248916.15054150263,0.07013229136235744
162999.9999999996,137695.63005792466,0.16870340339457002
274900.00000000006,305004.951764549,-0.10392025754812906
135999.99999999997,128218.20501573697,0.05892090026833863
135000.0000000002,130898.87710313748,0.03084945176366638
145899.99999999994,152240.48718957554,-0.04253968214298709
186500.0000000001,194256.9433846676,-0.04075027999704872
155000.00000000012,171840.81515489548,-0.10314280580560364
181000.00000000006,186117.0941739857,-0.027878831041460828
114999.99999999971,104854.58103357276,0.0923568393045322
175000.00000000012,179043.27235463355,-0.022841418656568635
159999.99999999997,172194.55770484917,-0.07345072914605133
175000.00000000012,184929.25479989476,-0.055187064720998436
201000.00000000035,197060.37300744245,0.0197946648421663
100000.00000000004,109385.50682241295,-0.08970735843949385
60999.999999999956,54208.329513655895,0.11803723260058163
96999.99999999999,88371.06353370204,0.0931653914053161
369999.9999999991,359926.82015536714,0.02760219655831264
66500.00000000006,96142.14986221731,-0.3686212400713522
171999.99999999988,168723.70036392464,0.019231896006427718
195500.00000000006,193079.91627080427,0.012456138170767517
199999.99999999997,190763.76958863408,0.04728127033235374
177999.99999999994,189155.31592889517,-0.060784573380054496
146299.99999999994,148549.84103915215,-0.015261120276910844
219999.99999999983,226040.13627860363,-0.027084909844148797
500066.99999999965,507808.9370224744,-0.015363148676186711
120000.00000000025,111942.30632140172,0.06950752650368841
189999.9999999999,192197.2982706936,-0.011498307241859962
269499.9999999999,245691.16824691813,0.09249269716511854
213499.99999999994,248350.16286981263,-0.15120220742691615
81300.00000000003,88515.63840515242,-0.08503222232011076
150908.9999999999,136148.04168532265,0.10293345220367556
91499.99999999991,91184.39619063996,0.0034551464139092047
197000.0000000005,203204.77634005688,-0.031010337303410296
108480.00000000001,99305.88195038162,0.08836016915274136
120500.00000000016,116374.81375197854,0.034833323580475195
127500.00000000001,144252.71339907974,-0.12344944015313608
131000.0000000002,133388.97114278883,-0.018071995055985113
129000.0000000001,135844.0784164572,-0.051694950874775714
148499.99999999988,147593.29392431164,0.006124439857101649
162499.99999999983,156523.4470251139,0.037471946793381505
159999.99999999997,168835.40846828147,-0.05375018366779294
144000.0,133302.05179296288,0.07719512290297281
199499.99999999994,173400.36523964058,0.14021031117890814
294000.00000000064,264887.797635137,0.10427306234270617
225000.00000000015,201180.81929482328,0.1118957738539752
135499.9999999998,135319.683694732,0.0013316240372844845
555000.0000000002,540004.6061222017,0.027390394334402046
145000.00000000012,128095.58965202713,0.12395605294489087
104999.99999999997,125220.09300566454,-0.17611104504020858
88249.99999999997,79463.01338236724,0.10488076987300055
257000.00000000058,243737.79142540845,0.052982851013331
183000.00000000047,187356.99246531475,-0.023529567632557757
219999.99999999983,227842.4896233517,-0.035026852423472477
156499.99999999985,166338.47253329656,-0.06096831568395267
235000.0,257700.35511936547,-0.09221160670543327
79000.00000000006,94722.41241053307,-0.1815006861656432
185000.00000000006,196503.27958512492,-0.06032297966219424
134500.00000000006,137975.78301334815,-0.025513798011228772
119200.00000000007,120832.43902423228,-0.013601916451733587
204499.99999999997,186959.4362557539,0.08967584180097354
155000.00000000012,176076.09380945927,-0.12749036362665223
139499.9999999999,141893.41143984316,-0.01701142990341964
199999.99999999997,221799.40339223458,-0.10345552709970107
161000.00000000006,152052.65217946426,0.05717714271509777
210400.0,198518.39469109455,0.05812843209730545
118000.00000000009,127935.82900133394,-0.08084351966374115
138000.0000000003,144532.58204282177,-0.0462509507240636
122000.00000000003,116319.75283361605,0.047677755565787905
128900.00000000026,130224.17983066176,-0.010220436686074308
103000.00000000001,102955.79449658506,0.00042926760020733923
177999.99999999994,200031.50551967544,-0.11669071268640252
236499.99999999983,253386.491693167,-0.06896746851042401
259999.9999999998,263849.3822218251,-0.014696731321681256
184000.00000000015,166162.059805959,0.10197159816172352
91900.00000000019,91539.73491809364,0.003927847119932437
52000.00000000013,72087.16103651644,-0.3266268796524656
139999.9999999999,127176.0968623757,0.09606898686036125
118000.00000000009,116160.16393588176,0.015714527870567707
144000.0,139410.1047199989,0.032393088010534754
225999.9999999998,218279.15019790636,0.03476009362603527
159000.00000000026,174991.49067629492,-0.09583257107303211
181134.00000000003,198566.37293363202,-0.09188584317881876
139000.00000000026,125839.97492424535,0.09946212129751508
92000.00000000007,87071.92807438505,0.0550534253104793
231713.00000000032,214811.0809644726,0.0757402486691614
185000.00000000006,184028.57176749915,0.005264769645876299
217500.0000000002,221163.25629592614,-0.016702218389541557
64999.999999999956,72322.03010178094,-0.10673995934478597
159899.9999999999,140202.16831672718,0.13146230083377652
178739.99999999997,173218.032312032,0.031380954236777114
159000.00000000026,147847.73520717112,0.07272079981439816
336000.00000000006,314039.5088666591,0.06759214943247294
174499.99999999994,183351.58821573498,-0.04948053838969102
224499.99999999985,221945.8099637773,0.011442403108262056
137500.00000000012,151486.564185948,-0.0968723471916455
214000.00000000017,195646.83809794666,0.08966438915714114
177500.00000000015,178698.64441518675,-0.006730189618716409
207500.0000000001,194111.26336821413,0.0666994900862381
95000.00000000001,95335.17985501679,-0.0035219624641111835
129499.99999999983,122887.52873746178,0.05241092908354794
210000.0,181843.3108140259,0.14396140671525615
167999.9999999999,176988.75937577587,-0.052121942499539387
286500.0000000001,312750.54731841956,-0.08766707024565612
167300.00000000003,183769.05083717275,-0.09389066708084393
142500.00000000012,136751.99137775193,0.04117270137349749
147982.9999999997,127936.56954814949,0.14556175278018912
159999.99999999997,155118.84700254592,0.030982040597134386
96899.99999999999,97046.7100978313,-0.0015128754992979054
127500.00000000001,141824.17637210808,-0.10647093909657102
215000.0,211755.28196590013,0.015206679288352731
342000.0000000002,374634.6715240189,-0.09114035007944032
188000.00000000012,212362.06988641678,-0.12185012169454268
115500.00000000009,107978.08193807176,0.06734166532691077
158500.00000000026,160252.34248594503,-0.010995051084170981
144000.0,161528.02488033476,-0.11486460313983038
84999.99999999996,53450.22017945625,0.46389355548888567
159999.99999999997,162136.64413380425,-0.013265564412423103
111249.99999999985,113614.16568266696,-0.021028088334329453
148000.0000000004,143222.57499759557,0.032812159650035255
135499.9999999998,149304.50230585661,-0.09701553752422143
163999.99999999988,180435.61877133226,-0.09550704820027889
145000.00000000012,146078.79321625092,-0.00741236234573428
159000.00000000026,162954.24918470447,-0.02456512672467248
369999.9999999991,319453.0339005683,0.14689231372565636
124999.99999999967,133906.81702934977,-0.06882989332959966
165499.99999999988,171434.57906479266,-0.03523032666832293
466499.99999999965,478537.71447610157,-0.02547695170834352
164700.0000000001,171157.3168905996,-0.0384572491456332
176432.00000000047,178019.55313946956,-0.00895780979563554
279499.9999999994,273807.2251392364,0.020577917319302585
183600.00000000006,175758.52205582662,0.0436482160220244
130000.00000000032,123101.70466432894,0.05452313850659074
246990.00000000055,208443.02559384133,0.16968135590044042
210899.99999999997,212457.32050668504,-0.007357001277496167
206999.99999999994,205969.64489385122,0.004989966051441641
235000.0,298484.10637285525,-0.2391302672353035
179900.00000000038,170200.6801282924,0.05542261200010046
100000.00000000004,117843.3128866288,-0.16418418505968013
202500.00000000047,188021.34548680056,0.07418401006688313
254900.0000000001,238110.83882494195,0.06813476015444486
210000.0,200652.18534439738,0.04553432089615406
139499.9999999999,137937.2718593303,0.011265489975363252
93500.00000000009,81909.80552630358,0.13234121366022578
149899.99999999974,130636.5060841267,0.1375487177071637
80000.0,87767.20366626662,-0.09266015542383421
335000.0000000004,346268.93986601225,-0.033085127008865456
139999.9999999999,138374.92217409372,0.0116755101229149
465000.00000000023,443294.65681913076,0.04780261180488843
112999.99999999993,108057.78200119424,0.044721311383081996
212999.00000000003,215634.434687028,-0.01229701365674174
133999.9999999999,113277.8030387961,0.1679951991148556
402860.9999999999,404427.0151579115,-0.0038796890654175797
378499.99999999965,312204.2909344396,0.19255775968463418
118999.99999999993,118249.50491695135,0.006326599163845259
211999.9999999998,223935.13556609483,-0.054769910481766715
307000.00000000047,281015.89151528757,0.08843622522975281
319000.0,340646.41467191547,-0.06565373021771848
135000.0000000002,131584.4302168181,0.025625885694443795
145000.00000000012,156633.03888846666,-0.07717148298380572
156000.00000000026,152280.28962603037,0.024133017225574704
131000.0000000002,140184.29455449886,-0.06776012328451486
105499.99999999974,95077.4853385531,0.10401771956871819
185750.00000000035,179006.0604541689,0.03698181822255542
95000.00000000001,101187.74039288519,-0.06310007186260869
136500.0000000003,139723.70233879765,-0.023342134211951304
143000.00000000035,147898.11176690442,-0.03367874082343825
156931.99999999977,173156.6922721158,-0.09838373267153955
114999.99999999971,111376.28815532711,0.03201739379317026
135000.0000000002,129747.73705287934,0.03968239751627678
172999.9999999999,152273.15353399017,0.12761483691908637
311500.0000000001,246232.8129633664,0.23512100476253295
184000.00000000015,196865.3878337898,-0.06758407190995364
217300.00000000003,232750.18496254133,-0.0686865180983478
153999.99999999988,158718.48292162965,-0.030179289829984413
213000.00000000052,224234.1007366498,-0.0513981977812783
409900.00000000006,358113.1836108551,0.13506378294566446
214000.00000000017,223515.80584211642,-0.04350591724302966
127999.99999999997,131398.08289295825,-0.02620105013140872
250000.00000000023,246150.2491665418,0.015518736844544634
195000.00000000006,231007.93180122736,-0.16945168882474348
122000.00000000003,112822.74037142446,0.07820246021583976
179664.99999999988,216866.32690466946,-0.18818619814970994
181000.00000000006,191289.0774556778,-0.05528844996435822
187000.00000000012,166595.7378808464,0.11553781543997133
125999.9999999997,121431.67817196163,0.03692982333107686
122600.00000000006,121660.11141109308,0.007695775838600483
289999.99999999936,302663.64959826425,-0.042741054337627205
235128.0,206435.02436976263,0.13014374465116596
305999.9999999998,290369.9217643324,0.05242922364928759
185000.00000000006,174706.8339856783,0.057246171829191894
224000.0,219989.1368650434,0.01806780321505208
130000.00000000032,166790.49489309176,-0.24920235604135854
142000.0,134084.8537376431,0.05735380550474467
123000.00000000009,122673.81198266975,0.002655436091732355
189999.9999999999,189413.3380986225,0.0030924546796207153
167999.9999999999,173402.96339663403,-0.03165398927740348
151999.99999999977,142238.64951314838,0.06637379206211236
117250.00000000003,133963.17320747423,-0.1332554640047583
198000.00000000006,220341.59295773026,-0.10691149464046035
259999.9999999998,230765.9411193391,0.11927718883868543
87999.9999999998,99048.00999470198,-0.11826660003907463
171500.0,161373.01881571984,0.06086432849492063
238999.99999999962,237004.6406780175,0.008383794842078629
244600.00000000006,225851.79233128612,0.0797448858738381
123000.00000000009,133449.50475792037,-0.08153817279753461
99000.00000000004,112791.51276015797,-0.13042000952754762
198599.99999999997,209155.95937614355,-0.051787185058676855
172499.99999999985,192345.51037630922,-0.1088954534257347
104999.99999999997,118396.55199012236,-0.12007817255536146
300000.0000000003,284326.8642624264,0.05365778406136812
109999.99999999971,117840.74607514741,-0.06885313272273486
155000.00000000012,167889.3709498755,-0.07987964401618441
455000.0,484475.2394462945,-0.06276877198700248
208999.99999999988,207045.75550585825,0.009394396873254607
153999.99999999988,192641.5625308808,-0.2238773683073667
297000.0000000002,285993.7917982818,0.03776190564187765
187000.00000000012,154877.18929284398,0.18847503200671945
125999.9999999997,124098.9220561466,0.015202779290506285
159000.00000000026,151479.78671089862,0.048451694991701544
198899.99999999997,177937.11543260896,0.11137138976610039
127999.99999999997,142398.04264092466,-0.1065951995389618
140999.99999999968,144557.69423016714,-0.024918630972758038
144000.0,140762.40506069592,0.0227397412935062
109999.99999999971,127835.36223412355,-0.15026156933748425
151000.00000000006,162360.1197043346,-0.07253652906711672
125999.9999999997,134904.50988969914,-0.06828476320446164
611657.0000000003,492341.61517627316,0.21699845633573567
199999.99999999997,186939.09114853485,0.06753416919945465
244999.99999999997,222947.2558282224,0.09432258427834128
165000.00000000015,169069.5407705124,-0.0243644943561776
130000.00000000032,128925.4722467537,0.008299883457148383
94900.00000000016,96565.23553180533,-0.017394908494670958
131999.9999999999,126045.3123756934,0.046160100359614376
155000.00000000012,152034.74655617803,0.01931590060260291
247899.99999999974,246757.6885208324,0.00461858338675647
126999.99999999991,145609.94880758668,-0.1367433703463341
98000.00000000003,119998.20002016907,-0.20250739356109015
131000.0000000002,128282.39710096935,0.020963100363371012
148499.99999999988,134793.42866978684,0.09684082494555746
108000.00000000001,95182.23256030258,0.12633668862400071
162999.9999999996,155425.48967692166,0.047583451109133534
119500.00000000029,125944.17403607047,-0.05252194602114102
501837.00000000023,441381.66745906376,0.12836513259232518
370878.00000000006,336634.5020501608,0.09687511514318814
167000.0000000001,158270.3480607089,0.053688847639236315
130000.00000000032,150937.3427927809,-0.14932928481789887
125999.9999999997,110876.76472272491,0.1278614676166132
184099.99999999988,195702.56913612853,-0.06111659197411434
169985.00000000015,186325.5624972533,-0.09178476588483697
133000.00000000012,131966.51353307173,0.007800864291988674
126999.99999999991,120864.18266357669,0.049519228883916355
269499.9999999999,284735.6873505794,-0.05499274825589495
202999.99999999956,196348.16518370685,0.03331637579757185
109999.99999999971,105742.13236084406,0.03947658305687263
143500.0000000001,161794.2282249136,-0.1199895085615772
429999.9999999995,473390.07988552406,-0.09613431997768274
156999.99999999994,149279.9669602352,0.05042196018318279
99499.99999999984,104192.23690493214,-0.046079527904481665
159899.9999999999,181459.4062883528,-0.12648260900669506
324999.9999999993,318732.96074444405,0.019471483274614343
159899.9999999999,136441.9911789814,0.1586479933832763
345473.99999999924,386145.19306453236,-0.11129575458111063
235000.0,206421.42307785043,0.12966510280455523
111000.00000000004,98739.08860837083,0.1170481800596157
118999.99999999993,127301.19125818992,-0.06743182231770994
135000.0000000002,169359.15693241247,-0.22674536762806774
254900.0000000001,227803.5278949326,0.1123873070419954
188500.00000000038,200924.8079527749,-0.06383241334289558
152499.9999999999,170783.34079974642,-0.11323044224813472
250000.00000000023,281229.2695036717,-0.11770888032772042
185088.00000000003,194762.35923579527,-0.050948488767387445
108000.00000000001,126179.59016514449,-0.1555736497597966
173733.0,177412.6437131294,-0.020958582363004297
255900.00000000006,243974.87110842072,0.04772131943112612
123000.00000000009,143116.6217906304,-0.1514743367512228
170440.00000000006,177296.48503180995,-0.03943983237995852
148399.99999999997,178078.46504551533,-0.18231181425551668
121500.00000000007,116816.83761141918,0.03930671518983431
264499.9999999999,252459.35297519885,0.04659081354273731
162000.00000000012,149637.96348960395,0.07937702529025437
89499.99999999987,97831.12109645263,-0.08900316128358732
122000.00000000003,124287.11307947985,-0.018573121625578892
175000.00000000012,178254.32205145792,-0.01842522788696499
212299.9999999999,209724.6623331732,0.012204772183233459
139999.9999999999,138738.21881534343,0.009053518065126553
244000.00000000003,216496.5529427916,0.11959307907144989
280000.0,272801.6318005235,0.02604460130604913
43999.99999999997,45026.453984941756,-0.023060031363490552
114999.99999999971,118722.49027660528,-0.03185635423947275
276999.9999999998,333813.7663675054,-0.18656513113065287
90000.00000000001,103174.903391484,-0.13661455013521717
171999.99999999988,156057.84531675704,0.09726714105869938
159000.00000000026,142983.93190728532,0.10617123807839235
81000.00000000007,94625.95884043089,-0.15548091235588046
284999.99999999994,293155.24699376134,-0.028213044037068258
161499.99999999985,165896.7564945729,-0.02686033927149012
118999.99999999993,129195.96269978321,-0.08220618611899688
106499.99999999996,90491.57215420245,0.1628866030834395
172999.9999999999,175789.68386023777,-0.01599661618760173
230000.0000000001,233384.24193780922,-0.014606830341449495
176000.00000000006,172325.34103592957,0.02109966608262681
84000.00000000017,81568.95525632444,0.029367704753044066
243500.00000000015,256954.60101882694,-0.053782261998719605
173999.99999999997,167192.61637068083,0.03990852600390049
131499.99999999997,130841.20431146337,0.005022406241355526
118964.0000000001,114120.80246749958,0.04156301149019015
123999.99999999984,127477.59780520694,-0.027658860068390467
119899.9999999999,124835.63159215453,-0.04033953295683901
185101.00000000047,191575.08279992902,-0.03437800444323713
206299.99999999988,196528.61812370332,0.04852311905936091
92900.00000000006,74213.45447146865,0.22457547462535565
203999.99999999985,193099.27440511034,0.05491528530768619
98499.99999999999,88312.31233855263,0.10917584155338389
259999.9999999998,243699.4257641731,0.06474576944915356
142599.9999999999,147916.35781369594,-0.036603204075568385
201000.00000000035,220417.37262045956,-0.09221755098031181
250000.00000000023,211628.99530902677,0.1666254731478034
165499.99999999988,176589.69433509288,-0.06485735622730537
79400.00000000009,85253.62801350697,-0.07113143960635959
276999.9999999998,237501.8717067899,0.15384140149051895
131999.9999999999,114570.12640265899,0.1416136768908025
219999.99999999983,182082.16434363424,0.18916856214519662
228000.00000000003,249147.7207317356,-0.08869997527403584
188000.00000000012,192101.27952439783,-0.021580654081885697
95999.99999999996,96656.03449734622,-0.0068103781365529414
142000.0,157792.5862546713,-0.10545366298182124
174499.99999999994,167664.9595787811,0.03995680808631974
156499.99999999985,152094.94356453532,0.028550870356223612
120000.00000000025,124174.24249316796,-0.034193737744896424
118999.99999999993,117124.4423255974,0.015886379360198433
158000.00000000023,185963.23004487355,-0.16295298151139193
140500.00000000003,140547.8795500491,-0.0003407192387978597
125500.00000000006,108514.61027858077,0.14541969050056736
96500.00000000003,90854.23980040298,0.0602859025131508
172999.9999999999,183924.11386428168,-0.06123131007020355
214000.00000000017,211677.32281342035,0.010912910789897978
133000.00000000012,123399.73925896481,0.07491954478377671
123000.00000000009,121396.70620576742,0.013120501489694902
286000.00000000023,276575.7474680118,0.033506957173388585
112999.99999999993,121576.78994333108,-0.07315763612675141
111500.00000000028,115413.20941895149,-0.03449391890406339
215000.0,218947.005573712,-0.018191604877239698
337500.00000000006,354174.11242017185,-0.04822298540839931
148000.0000000004,165531.32633410144,-0.11194747052715037
138000.0000000003,132727.8194271629,0.03895283645329961
90000.00000000001,83148.5629803621,0.07917983155293484
189999.9999999999,179017.82812346533,0.05953834994804197
237499.99999999983,234257.98480813153,0.01374455797147256
360000.0000000001,372544.35510838183,-0.03425197986377171
135000.0000000002,116121.75961750954,0.150634281722958
87999.9999999998,87499.69940555288,0.005701391512060283
402999.9999999999,355537.9998450701,0.12530409590141112
383970.0000000003,363081.9016029893,0.05593584164063614
93849.99999999994,80967.94553779202,0.1476427255387751
134500.00000000006,122666.21733077726,0.09209649535815068
175000.00000000012,200543.32945056632,-0.13624362863247086
177999.99999999994,179452.48464947756,-0.008126867649311365
158000.00000000023,172226.93982843158,-0.08621746890893078
110500.00000000001,125896.33824326377,-0.13044222830350094
59999.99999999991,48631.33527926217,0.21007258411636975
334000.0000000002,302054.00991788233,0.10053483415102704
156820.0000000001,180872.25703768816,-0.14269152110419014
281213.0000000002,283775.4721231123,-0.009070912944029175
148000.0000000004,139015.8393754783,0.06262395811883614
153499.9999999997,143173.34097110137,0.06964402635538569
182899.99999999974,197784.34546193038,-0.07823730593900358
188900.00000000023,178512.11231243625,0.05656101144496084
165499.99999999988,181405.3656965599,-0.09176239201316783
153999.99999999988,157941.8389507149,-0.025274092877248577
339999.99999999994,290949.2712405613,0.15579619542177703
205950.00000000012,207191.3933562231,-0.0060095216924356265
196000.0000000001,188626.448300644,0.03834586452945743
95999.99999999996,102936.32036908763,-0.06976165480775798
143000.00000000035,144257.69375235337,-0.008756548976839085
348000.0000000002,303691.671177599,0.13618911335572115
165000.00000000015,146382.77003872299,0.11971979949776923
269999.9999999996,316472.2703651464,-0.1588131214999855
119163.99999999999,122973.3478199104,-0.03146669195811036
140999.99999999968,153367.92463888187,-0.08407930853850054
165999.99999999974,168881.38176674463,-0.01720869431436256
155000.00000000012,145920.6506707504,0.060361730086810894
159999.99999999997,143939.02323614393,0.10578335770527758
109000.0,129938.51077951395,-0.17571198397412324
155000.00000000012,152359.03411699107,0.017185202977417546
275000.0000000002,283673.31723983545,-0.031052075811167867
185499.99999999994,189938.89516277352,-0.023647407996939762
231999.99999999956,254568.7586010865,-0.09283321702368674
133000.00000000012,125613.62394683428,0.05713796703641805
148000.0000000004,142748.18601210148,0.0361298841701192
133999.9999999999,145913.5022154378,-0.08517358630319016
227000.0,209748.13137624256,0.07904221865294936
192499.99999999997,188201.47147090486,0.022582989303026935
132499.9999999999,126448.45335011477,0.046747542512660445
222000.00000000023,224515.65487673844,-0.011268004597340564
145000.00000000012,143417.96372700267,0.010970475962929882
139950.00000000032,134022.65800023367,0.04327602473706271
72000.00000000009,73508.02958049873,-0.020728242300032562
155000.00000000012,162230.00815434358,-0.04558972724377419
167499.99999999997,159082.70970183355,0.051558781604086334
191000.00000000015,187370.69028916358,0.019184370935098727
125999.9999999997,113427.9712386041,0.10511300646872002
214000.00000000017,215385.97690049288,-0.006455614914381513
114500.00000000012,127470.89566911806,-0.1073123575958963
181000.00000000006,194238.07802792508,-0.07058720518608474
99900.00000000013,96478.04064758541,0.03485390622161688
142000.0,130025.20439504845,0.08809809741775965
138499.9999999999,133543.24018492128,0.03644473572125584
156000.00000000026,183353.76255696296,-0.16156045191663182
127500.00000000001,119777.82344185708,0.06247730357630488
200500.00000000026,225701.62356301022,-0.11839907360669955
221000.00000000006,224569.10591637678,-0.016020707836755577
155000.00000000012,162078.89838044505,-0.0446578450172499
129850.00000000003,119224.21056041212,0.08537340901405166
100999.99999999984,100561.6630166101,0.004349371983346728
143000.00000000035,154640.99937611012,-0.07826114080393154
145000.00000000012,146281.8884332089,-0.00880170005792813
100000.00000000004,106331.53476934855,-0.06139111814431608
59999.99999999991,109409.40462807198,-0.6007447630051921
582932.9999999995,463421.06149383483,0.22943575364496738
133999.9999999999,148484.74809321197,-0.10264171859119031
143750.0000000001,136454.31033618902,0.052085471960499063
129499.99999999983,121544.60138743208,0.06339909069068206
139000.00000000026,132448.98245453907,0.04827604409991082
154300.00000000023,153143.39179662612,0.007524026644233572
235500.00000000017,239323.42156711957,-0.016104884162906785
155000.00000000012,144746.4975477487,0.06844074030613001
271899.9999999998,258483.89320706856,0.05060077741836544
372499.9999999998,324076.83731219405,0.13925599682223222
129799.99999999993,133225.7626801569,-0.026050150546003792
134432.00000000003,110472.011795934,0.19629467967818393
259499.99999999985,245054.25226374675,0.05727685160016094
97500.0,106791.00623357494,-0.09102044136314724
200624.0000000001,261285.8252822705,-0.2641812574793523
129499.99999999983,127501.54129341648,0.015552307004581323
194500.0,197424.86381721895,-0.014925836360236033
382500.00000000006,388656.6733492223,-0.015967671436706965
390000.00000000105,427233.6835389549,-0.09118416918679273
94550.00000000001,83011.9620064051,0.13014260710773584
143500.0000000001,155084.33745341052,-0.07763352581341643
170000.00000000012,162549.74620145166,0.04481408205008286
380999.9999999991,398280.08202936803,-0.04435599247649158
107500.00000000003,86741.08013133166,0.21456103050679687
118500.00000000009,110397.32925702719,0.07082639917108402
168500.0,173316.29684640688,-0.02818231594057785
153999.99999999988,156681.0854976613,-0.01725972336439341
135000.0000000002,126421.00172148513,0.06565665500081508
187500.0,193477.35820729827,-0.0313814835953341
147000.00000000015,151128.6163686731,-0.0276984656827004
446261.00000000093,440892.10942051705,0.01210375968748778
63000.00000000006,90280.94059789254,-0.3597868477613453
275000.0000000002,244289.44979181027,0.11841684865741975
250763.99999999988,201947.28106467467,0.21650461530572684
189999.9999999999,197164.8575020435,-0.03701595547479464
224499.99999999985,213171.89653864503,0.05177660423442809
188000.00000000012,223476.70080052206,-0.17286435440665748
119500.00000000029,115775.83526995829,0.03166023525598227
181000.00000000006,187348.6692297571,-0.034474203605316944
130499.99999999996,177766.57011273422,-0.30909602155866267
73000.00000000003,79312.93943272787,-0.08294075450121596
86999.99999999994,94900.36720963413,-0.08691849951616604
167000.0000000001,168292.74606197883,-0.007711140618184231
112999.99999999993,116445.46548770156,-0.0300349754509579
85500.00000000006,91835.12274120159,-0.0714776423601382
139000.00000000026,140799.84218211684,-0.012865297763713812
280749.9999999999,253182.61378551897,0.10335318381108216
63999.99999999997,73452.87494207745,-0.1377589491796627
156999.99999999994,189673.31198042314,-0.18905627910242195
93000.00000000007,93905.0942479457,-0.0096850397936592
148499.99999999988,143851.22663986444,0.03180512344836295
165000.00000000015,157979.74207676627,0.043478394480048976
107000.00000000003,115089.356297256,-0.07287934657717798
143500.0000000001,138994.61106115105,0.03189964628395536
109000.0,102118.85794928666,0.06520985514423217
191000.00000000015,191757.56638580898,-0.003958450377478329
291000.00000000006,265863.4482181493,0.09034011786158302
147000.00000000015,149513.52905424158,-0.016954182941272933
215000.0,217365.95416553065,-0.010944279095209453
609999.9999999993,628607.7146433345,-0.03004839133223669
138399.99999999977,127124.4670735212,0.08498074010102208
118999.99999999993,141325.10575144432,-0.1719381302675611
215000.0,216271.8649555811,-0.00589819484155818
217999.99999999988,193295.70971077512,0.12027328553725702
125999.9999999997,123481.23877765893,0.020192513267851098
217999.99999999988,243286.02651938,-0.1097422754549271
438779.999999999,470482.727811475,-0.06976094598731919
80000.0,75304.96430040561,0.06047979574993079
349999.9999999997,317492.8715714848,0.09747749561283214
127999.99999999997,132907.01672141813,-0.03761920896620019
280000.0,305983.4743205296,-0.08874118855913693
170000.00000000012,172879.78728469377,-0.01679794673973589
129900.00000000012,111934.63386310724,0.14884861343405653
108000.00000000001,106025.1972932094,0.01845427848810033
151000.00000000006,159039.99437424843,-0.05187553593233751
63999.99999999997,84337.9705824296,-0.2759453344387346
126999.99999999991,125838.98330457046,0.009183834365206422
130000.00000000032,138516.45964536062,-0.06345423736987854
99600.0,103997.193505183,-0.04320132414724576
227000.0,230981.17016125674,-0.01738609933569535
179900.00000000038,167526.5700744256,0.07125876440502843
218999.99999999988,210427.47465263848,0.03993048850811576
206579.99999999983,214224.38542207616,-0.03633607639324232
267915.9999999998,273583.78958095174,-0.02093435951523226
264131.99999999977,253683.15637736378,0.040362749738637405
372397.0000000002,350644.6695613436,0.060186949659181366
149899.99999999974,155881.40449388407,-0.03912682943910539
164500.0000000004,157734.2661365827,0.04199855224009852
162999.9999999996,150438.321448114,0.08019651261389349
59000.00000000007,69061.56904113527,-0.15745849848759086
89499.99999999987,95777.70005100274,-0.06779052418117892
167999.9999999999,161443.41272426173,0.039809042009839146
320000.0000000006,294356.4380711409,0.08352931615489823
415000.0000000008,405209.53316462983,0.02387416285281141
184000.00000000015,181149.91852481407,0.015610704527954766
136500.0000000003,161573.971156574,-0.16863731202927212
141500.0000000001,128345.44571140718,0.09757356942130002
130499.99999999996,124707.95132368447,0.04539825659055374
128500.00000000026,139274.14363295605,-0.08051474079048049
342643.0000000001,364109.510362349,-0.060765414156968234
116900.00000000004,124417.73955501092,-0.06232538570845492
95000.00000000001,104594.88849562155,-0.09621682607213167
180400.0,163164.1618029727,0.1004192004527571
135000.0000000002,145295.22671275627,-0.07349241547883345
484999.99999999965,461398.9257875999,0.04988576789317278
55000.00000000004,58130.15278768638,-0.05535034583177989
140999.99999999968,136000.633861174,0.036100083202606825
68103.99999999983,57608.72932130971,0.16735916663315997
755000.0000000005,801041.482732916,-0.05919490903022684
147500.00000000023,152708.66482703784,-0.03470354771167372
287090.0000000004,250790.98313647817,0.13517539559096825
125899.99999999994,130841.5074544768,-0.038498482936661915
128500.00000000026,118445.43839587132,0.081475824671573
139999.9999999999,146446.8153120521,-0.04501959008447365
156000.00000000026,147359.74283060877,0.05697880406678557
229456.00000000003,238365.58470615078,-0.038094112432613514
131000.0000000002,129098.11027002346,0.014624550720084173
292500.0000000005,298176.03292695293,-0.019219294870730153
112500.00000000004,109598.1462868658,0.02613252536369437
412500.0000000008,409340.4800001409,0.007688907892818619
134899.99999999988,141192.71540534802,-0.045591639523225425
250000.00000000023,243311.5266729857,0.02711818285918355
179900.00000000038,192326.30051977915,-0.06679191131503259
212108.99999999994,189797.5976450787,0.1111415104754343
83000.0,84798.20966233104,-0.021433566817954386
181316.00000000038,176815.63721133763,0.025133632951238383
179900.00000000038,185417.44649624763,-0.030208444262424194
259999.9999999998,260833.53470689175,-0.003200762478630992
150000.00000000006,157545.3670057861,-0.049077847887199155
133500.00000000003,127433.76914806505,0.04650434929481939
169000.00000000012,151115.4415932903,0.1118539560438947
309000.00000000006,314984.66975612444,-0.01918263181463864
424870.0,391146.7151735226,0.08270031662931565
171999.99999999988,182250.88471938678,-0.057889421481068126
197900.0000000001,193058.52345615852,0.02476835260713628
145000.00000000012,137335.15430954198,0.054309037389169035
191999.99999999997,203557.38128123427,-0.05845226929407765
120000.00000000025,116489.33143658844,0.02969179847954173
281999.99999999994,296348.9193499265,-0.04963029905802152
552000.0000000013,499386.36635114346,0.10016777799887677
172999.9999999999,196729.6155479026,-0.12853798435236463
139999.9999999999,143847.70388497,-0.027112514331600224
405000.0000000001,403515.8829853389,0.003671208053093622
151999.99999999977,146904.8538080632,0.03409516845444216
255000.0000000001,258070.07049929982,-0.011967547319720495
175000.00000000012,191909.75893517325,-0.09223877857053253
152999.99999999965,154294.81738904776,-0.00842719467740416
